{
   "0.0":{
      "26000.0":{
         "0.0":[
            [
               0.1488929889298893,
               0.012912172573189514
            ],
            [
               0.21752767527675285,
               0.038705701078582434
            ],
            [
               0.2784132841328414,
               0.05520801232665638
            ],
            [
               0.31826568265682664,
               0.062141756548536216
            ],
            [
               0.38468634686346864,
               0.06768875192604006
            ],
            [
               0.4090405904059041,
               0.06810477657935285
            ],
            [
               0.46771217712177127,
               0.06657935285053929
            ],
            [
               0.5773062730627306,
               0.06089368258859784
            ],
            [
               0.6946494464944651,
               0.053543913713405236
            ],
            [
               0.7666051660516607,
               0.05021571648690293
            ],
            [
               0.8518450184501845,
               0.04508474576271186
            ],
            [
               0.8961254612546127,
               0.039815100154083204
            ],
            [
               0.9304428044280444,
               0.03010785824345146
            ]
         ],
         "100.0":[
            [
               0.1488929889298893,
               0.012773497688751922
            ],
            [
               0.265129151291513,
               0.04813559322033899
            ],
            [
               0.3271217712177122,
               0.056040061633281964
            ],
            [
               0.3957564575645757,
               0.05770416024653312
            ],
            [
               0.46660516605166047,
               0.05465331278890601
            ],
            [
               0.794280442804428,
               0.034684129429892144
            ],
            [
               0.8285977859778598,
               0.032187981510015395
            ],
            [
               0.857380073800738,
               0.027473035439137115
            ]
         ],
         "300.0":[
            [
               0.1488929889298893,
               0.012912172573189514
            ],
            [
               0.2518450184501846,
               0.038567026194144836
            ],
            [
               0.31937269372693733,
               0.04439137134052388
            ],
            [
               0.3968634686346864,
               0.0435593220338983
            ],
            [
               0.7500000000000001,
               0.023312788906009248
            ]
         ]
      },
	  "50000.0":{
         "0.0":[
            [
               0.24315937940761637,
               0.015844544095665172
            ],
            [
               0.3294781382228491,
               0.036322869955156954
            ],
            [
               0.38222849083215793,
               0.045739910313901344
            ],
            [
               0.4721438645980254,
               0.05426008968609866
            ],
            [
               0.5488716502115656,
               0.05590433482810164
            ],
            [
               0.6399858956276446,
               0.05426008968609866
            ],
            [
               0.8425952045133991,
               0.0461883408071749
            ],
            [
               0.903737658674189,
               0.03976083707025411
            ],
            [
               0.9361071932299014,
               0.030642750373692074
            ],
            [
               0.8246121297602256,
               0.046786248131539615
            ]
         ],
         "100.0":[
            [
               0.24315937940761637,
               0.01569506726457399
            ],
            [
               0.3726375176304655,
               0.03961136023916293
            ],
            [
               0.4469675599435826,
               0.045291479820627804
            ],
            [
               0.5033145275035261,
               0.046337817638266075
            ],
            [
               0.5800423131170664,
               0.04514200298953663
            ],
            [
               0.8030324400564175,
               0.035127055306427506
            ],
            [
               0.8533850493653035,
               0.0312406576980568
            ],
            [
               0.8701692524682652,
               0.027952167414050818
            ]
         ],
         "300.0":[
            [
               0.24315937940761637,
               0.015844544095665172
            ],
            [
               0.3198871650211566,
               0.027503736920777278
            ],
            [
               0.3954160789844853,
               0.03423019431988042
            ],
            [
               0.4529619181946404,
               0.03497757847533632
            ],
            [
               0.5800423131170664,
               0.03258594917787743
            ],
            [
               0.7586741889985895,
               0.02436472346786248
            ]
         ]
      }
   },
   "15000.0":{
      "26000.0":{
         "0.0":[
            [
               0.19881450488145053,
               0.016035502958579886
            ],
            [
               0.29483960948396104,
               0.055976331360946756
            ],
            [
               0.38849372384937236,
               0.08718934911242604
            ],
            [
               0.47740585774058575,
               0.09591715976331362
            ],
            [
               0.5224546722454673,
               0.0969526627218935
            ],
            [
               0.5947698744769875,
               0.09562130177514792
            ],
            [
               0.8449093444909344,
               0.0786094674556213
            ],
            [
               0.9764993026499305,
               0.03881656804733728
            ]
         ],
         "100.0":[
            [
               0.19762900976290101,
               0.015887573964497047
            ],
            [
               0.3600418410041841,
               0.07076923076923078
            ],
            [
               0.46792189679218976,
               0.08112426035502959
            ],
            [
               0.48926080892608087,
               0.08127218934911243
            ],
            [
               0.5734309623430962,
               0.07934911242603551
            ],
            [
               0.6670850767085077,
               0.07298816568047337
            ],
            [
               0.8496513249651325,
               0.0528698224852071
            ],
            [
               0.8875871687587169,
               0.04502958579881657
            ],
            [
               0.9077405857740586,
               0.0370414201183432
            ]
         ],
         "300.0":[
            [
               0.202370990237099,
               0.01559171597633137
            ],
            [
               0.29721059972106,
               0.04754437869822485
            ],
            [
               0.37545327754532776,
               0.060266272189349115
            ],
            [
               0.4418410041841004,
               0.06278106508875742
            ],
            [
               0.5437935843793584,
               0.058934911242603555
            ],
            [
               0.6232217573221758,
               0.05346153846153846
            ],
            [
               0.8200139470013945,
               0.03467455621301775
            ]
         ]
      },